USE jengadb;
-- Insert Users

# Admin Accounts
INSERT INTO User (firstName,lastName,password,email,status,role) VALUES ('Admin','Account','hashed_admin_pass','admin@domain.com','active','admin');

# regular Accounts
INSERT INTO User (firstName, lastName, password, email, status, role) VALUES
('Ella','Perez','hashed_pass_1','ella.perez1@mail.com','active','regular'),
('Nora','Lopez','hashed_pass_2','nora.lopez2@mail.com','active','regular'),
('Andrew','Sanchez','hashed_pass_3','andrew.sanchez3@mail.com','active','regular'),
('Chloe','Lee','hashed_pass_4','chloe.lee4@mail.com','active','regular'),
('Mark','Martinez','hashed_pass_5','mark.martinez5@mail.com','active','regular'),
('Andrew','Martinez','hashed_pass_6','andrew.martinez6@mail.com','active','regular'),
('Anna','Harris','hashed_pass_7','anna.harris7@mail.com','active','regular'),
('Lily','Anderson','hashed_pass_8','lily.anderson8@mail.com','active','regular'),
('Sophia','Sanchez','hashed_pass_9','sophia.sanchez9@mail.com','active','regular'),
('Chris','Sanchez','hashed_pass_10','chris.sanchez10@mail.com','active','regular'),
('Mia','Williams','hashed_pass_11','mia.williams11@mail.com','active','regular'),
('Zoe','Harris','hashed_pass_12','zoe.harris12@mail.com','active','regular'),
('Jason','Taylor','hashed_pass_13','jason.taylor13@mail.com','active','regular'),
('Jason','Anderson','hashed_pass_14','jason.anderson14@mail.com','active','regular'),
('Andrew','Johnson','hashed_pass_15','andrew.johnson15@mail.com','active','regular'),
('Ava','Martin','hashed_pass_16','ava.martin16@mail.com','active','regular'),
('Olivia','Rodriguez','hashed_pass_17','olivia.rodriguez17@mail.com','active','regular'),
('Jason','Gonzalez','hashed_pass_18','jason.gonzalez18@mail.com','active','regular'),
('John','Moore','hashed_pass_19','john.moore19@mail.com','active','regular'),
('Jason','Lee','hashed_pass_20','jason.lee20@mail.com','active','regular'),
('Nora','Miller','hashed_pass_21','nora.miller21@mail.com','active','regular'),
('David','Miller','hashed_pass_22','david.miller22@mail.com','active','regular'),
('Michael','Smith','hashed_pass_23','michael.smith23@mail.com','active','regular'),
('Leah','Lopez','hashed_pass_24','leah.lopez24@mail.com','active','regular'),
('Brian','Lee','hashed_pass_25','brian.lee25@mail.com','active','regular'),
('Sarah','Perez','hashed_pass_26','sarah.perez26@mail.com','active','regular'),
('Michael','Anderson','hashed_pass_27','michael.anderson27@mail.com','active','regular'),
('Thomas','Sanchez','hashed_pass_28','thomas.sanchez28@mail.com','active','regular'),
('Kevin','Moore','hashed_pass_29','kevin.moore29@mail.com','active','regular'),
('Sophia','Davis','hashed_pass_30','sophia.davis30@mail.com','active','regular'),
('Robert','Lee','hashed_pass_31','robert.lee31@mail.com','active','regular'),
('Mark','Davis','hashed_pass_32','mark.davis32@mail.com','active','regular'),
('David','Lee','hashed_pass_33','david.lee33@mail.com','active','regular'),
('Emily','Thompson','hashed_pass_34','emily.thompson34@mail.com','active','regular'),
('Nora','Wilson','hashed_pass_35','nora.wilson35@mail.com','active','regular'),
('Grace','Johnson','hashed_pass_36','grace.johnson36@mail.com','active','regular'),
('Emily','Thompson','hashed_pass_37','emily.thompson37@mail.com','active','regular'),
('Lily','Lee','hashed_pass_38','lily.lee38@mail.com','active','regular'),
('Zoe','Jackson','hashed_pass_39','zoe.jackson39@mail.com','active','regular'),
('Jason','Jackson','hashed_pass_40','jason.jackson40@mail.com','active','regular'),
('Thomas','Davis','hashed_pass_41','thomas.davis41@mail.com','active','regular'),
('Lily','Davis','hashed_pass_42','lily.davis42@mail.com','active','regular'),
('Paul','Brown','hashed_pass_43','paul.brown43@mail.com','active','regular'),
('David','Harris','hashed_pass_44','david.harris44@mail.com','active','regular'),
('Olivia','Gonzalez','hashed_pass_45','olivia.gonzalez45@mail.com','active','regular'),
('Olivia','Taylor','hashed_pass_46','olivia.taylor46@mail.com','active','regular'),
('Leah','Brown','hashed_pass_47','leah.brown47@mail.com','active','regular'),
('Lily','White','hashed_pass_48','lily.white48@mail.com','active','regular'),
('John','Rodriguez','hashed_pass_49','john.rodriguez49@mail.com','active','regular'),
('James','Jones','hashed_pass_50','james.jones50@mail.com','active','regular'),
('Chris','Thomas','hashed_pass_51','chris.thomas51@mail.com','active','regular'),
('Ava','Hernandez','hashed_pass_52','ava.hernandez52@mail.com','active','regular'),
('Kevin','Taylor','hashed_pass_53','kevin.taylor53@mail.com','active','regular'),
('Daniel','Perez','hashed_pass_54','daniel.perez54@mail.com','active','regular'),
('Sarah','Thompson','hashed_pass_55','sarah.thompson55@mail.com','active','regular'),
('Chloe','Thompson','hashed_pass_56','chloe.thompson56@mail.com','active','regular'),
('Daniel','Martinez','hashed_pass_57','daniel.martinez57@mail.com','active','regular'),
('Nora','Hernandez','hashed_pass_58','nora.hernandez58@mail.com','active','regular'),
('Ella','Wilson','hashed_pass_59','ella.wilson59@mail.com','active','regular'),
('Andrew','Miller','hashed_pass_60','andrew.miller60@mail.com','active','regular'),
('James','Garcia','hashed_pass_61','james.garcia61@mail.com','active','regular'),
('James','Lopez','hashed_pass_62','james.lopez62@mail.com','active','regular'),
('Chloe','Harris','hashed_pass_63','chloe.harris63@mail.com','active','regular'),
('Brian','Williams','hashed_pass_64','brian.williams64@mail.com','active','regular'),
('Kevin','Johnson','hashed_pass_65','kevin.johnson65@mail.com','active','regular'),
('Mark','Anderson','hashed_pass_66','mark.anderson66@mail.com','active','regular'),
('Paul','Taylor','hashed_pass_67','paul.taylor67@mail.com','active','regular'),
('Maria','Lopez','hashed_pass_68','maria.lopez68@mail.com','active','regular'),
('Nora','Wilson','hashed_pass_69','nora.wilson69@mail.com','active','regular'),
('Mia','Anderson','hashed_pass_70','mia.anderson70@mail.com','active','regular'),
('Chris','Jackson','hashed_pass_71','chris.jackson71@mail.com','active','regular'),
('Mia','Martin','hashed_pass_72','mia.martin72@mail.com','active','regular'),
('Jason','Gonzalez','hashed_pass_73','jason.gonzalez73@mail.com','active','regular'),
('Paul','Williams','hashed_pass_74','paul.williams74@mail.com','active','regular'),
('Maria','Garcia','hashed_pass_75','maria.garcia75@mail.com','active','regular'),
('Sophia','Jones','hashed_pass_76','sophia.jones76@mail.com','active','regular'),
('Eric','Miller','hashed_pass_77','eric.miller77@mail.com','active','regular'),
('Chris','Sanchez','hashed_pass_78','chris.sanchez78@mail.com','active','regular'),
('Eric','Moore','hashed_pass_79','eric.moore79@mail.com','active','regular'),
('Lily','Sanchez','hashed_pass_80','lily.sanchez80@mail.com','active','regular'),
('Olivia','Garcia','hashed_pass_81','olivia.garcia81@mail.com','active','regular'),
('Lily','Jones','hashed_pass_82','lily.jones82@mail.com','active','regular'),
('Mia','Martinez','hashed_pass_83','mia.martinez83@mail.com','active','regular'),
('Grace','Taylor','hashed_pass_84','grace.taylor84@mail.com','active','regular'),
('Robert','Perez','hashed_pass_85','robert.perez85@mail.com','active','regular'),
('Eric','Sanchez','hashed_pass_86','eric.sanchez86@mail.com','active','regular'),
('Mark','Perez','hashed_pass_87','mark.perez87@mail.com','active','regular'),
('Lily','Smith','hashed_pass_88','lily.smith88@mail.com','active','regular'),
('Zoe','Martin','hashed_pass_89','zoe.martin89@mail.com','active','regular'),
('Daniel','Johnson','hashed_pass_90','daniel.johnson90@mail.com','active','regular'),
('Sarah','Taylor','hashed_pass_91','sarah.taylor91@mail.com','active','regular'),
('Chris','Jones','hashed_pass_92','chris.jones92@mail.com','active','regular'),
('Paul','Rodriguez','hashed_pass_93','paul.rodriguez93@mail.com','active','regular'),
('Olivia','Johnson','hashed_pass_94','olivia.johnson94@mail.com','active','regular'),
('Chloe','Sanchez','hashed_pass_95','chloe.sanchez95@mail.com','active','regular'),
('James','Perez','hashed_pass_96','james.perez96@mail.com','active','regular'),
('Eric','Thomas','hashed_pass_97','eric.thomas97@mail.com','active','regular'),
('Kevin','Martinez','hashed_pass_98','kevin.martinez98@mail.com','active','regular'),
('Chloe','Perez','hashed_pass_99','chloe.perez99@mail.com','active','regular'),
('Lily','Johnson','hashed_pass_100','lily.johnson100@mail.com','active','regular'),
('Mark','Harris','hashed_pass_101','mark.harris101@mail.com','active','regular'),
('Eric','Taylor','hashed_pass_102','eric.taylor102@mail.com','active','regular'),
('Ella','Anderson','hashed_pass_103','ella.anderson103@mail.com','active','regular'),
('Sophia','Smith','hashed_pass_104','sophia.smith104@mail.com','active','regular'),
('Ella','Jones','hashed_pass_105','ella.jones105@mail.com','active','regular'),
('Lily','Hernandez','hashed_pass_106','lily.hernandez106@mail.com','active','regular'),
('John','Harris','hashed_pass_107','john.harris107@mail.com','active','regular'),
('Andrew','Brown','hashed_pass_108','andrew.brown108@mail.com','active','regular'),
('Ella','Anderson','hashed_pass_109','ella.anderson109@mail.com','active','regular'),
('Sarah','Davis','hashed_pass_110','sarah.davis110@mail.com','active','regular'),
('Nora','Thomas','hashed_pass_111','nora.thomas111@mail.com','active','regular'),
('Mia','Moore','hashed_pass_112','mia.moore112@mail.com','active','regular'),
('Lily','Garcia','hashed_pass_113','lily.garcia113@mail.com','active','regular'),
('Eric','Thomas','hashed_pass_114','eric.thomas114@mail.com','active','regular'),
('Sarah','Anderson','hashed_pass_115','sarah.anderson115@mail.com','active','regular'),
('Eric','Johnson','hashed_pass_116','eric.johnson116@mail.com','active','regular'),
('Nora','Taylor','hashed_pass_117','nora.taylor117@mail.com','active','regular'),
('Leah','Jackson','hashed_pass_118','leah.jackson118@mail.com','active','regular'),
('Kevin','Sanchez','hashed_pass_119','kevin.sanchez119@mail.com','active','regular'),
('Kevin','Davis','hashed_pass_120','kevin.davis120@mail.com','active','regular'),
('Ava','Lopez','hashed_pass_121','ava.lopez121@mail.com','active','regular'),
('Leah','Thomas','hashed_pass_122','leah.thomas122@mail.com','active','regular'),
('Robert','Johnson','hashed_pass_123','robert.johnson123@mail.com','active','regular'),
('David','Johnson','hashed_pass_124','david.johnson124@mail.com','active','regular'),
('Chloe','Perez','hashed_pass_125','chloe.perez125@mail.com','active','regular'),
('Ella','Jones','hashed_pass_126','ella.jones126@mail.com','active','regular'),
('Chris','Lopez','hashed_pass_127','chris.lopez127@mail.com','active','regular'),
('Thomas','Miller','hashed_pass_128','thomas.miller128@mail.com','active','regular'),
('Chris','Brown','hashed_pass_129','chris.brown129@mail.com','active','regular'),
('Leah','Moore','hashed_pass_130','leah.moore130@mail.com','active','regular'),
('Mark','Jones','hashed_pass_131','mark.jones131@mail.com','active','regular'),
('Daniel','Rodriguez','hashed_pass_132','daniel.rodriguez132@mail.com','active','regular'),
('Sophia','White','hashed_pass_133','sophia.white133@mail.com','active','regular'),
('Jason','Williams','hashed_pass_134','jason.williams134@mail.com','active','regular'),
('Jason','Sanchez','hashed_pass_135','jason.sanchez135@mail.com','active','regular'),
('Daniel','Gonzalez','hashed_pass_136','daniel.gonzalez136@mail.com','active','regular'),
('David','Harris','hashed_pass_137','david.harris137@mail.com','active','regular'),
('Ava','Moore','hashed_pass_138','ava.moore138@mail.com','active','regular'),
('Zoe','Jones','hashed_pass_139','zoe.jones139@mail.com','active','regular'),
('Lily','Lee','hashed_pass_140','lily.lee140@mail.com','active','regular'),
('Anna','Brown','hashed_pass_141','anna.brown141@mail.com','locked','regular'),
('Michael','Davis','hashed_pass_142','michael.davis142@mail.com','suspended','regular'),
('Michael','Perez','hashed_pass_143','michael.perez143@mail.com','banned','regular'),
('John','Perez','hashed_pass_144','john.perez144@mail.com','archived','regular'),
('Jason','Thompson','hashed_pass_145','jason.thompson145@mail.com','archived','regular'),
('Robert','Thomas','hashed_pass_146','robert.thomas146@mail.com','verified','regular'),
('James','Garcia','hashed_pass_147','james.garcia147@mail.com','banned','regular'),
('Mia','Taylor','hashed_pass_148','mia.taylor148@mail.com','banned','regular'),
('Brian','Taylor','hashed_pass_149','brian.taylor149@mail.com','banned','regular'),
('Brian','Thomas','hashed_pass_150','brian.thomas150@mail.com','verified','regular'),
('Nora','Perez','hashed_pass_151','nora.perez151@mail.com','archived','regular'),
('David','Lopez','hashed_pass_152','david.lopez152@mail.com','locked','regular'),
('Thomas','Miller','hashed_pass_153','thomas.miller153@mail.com','deleted','regular'),
('James','Perez','hashed_pass_154','james.perez154@mail.com','banned','regular'),
('Eric','Williams','hashed_pass_155','eric.williams155@mail.com','pending','regular'),
('Paul','Davis','hashed_pass_156','paul.davis156@mail.com','disabled','regular'),
('Grace','Taylor','hashed_pass_157','grace.taylor157@mail.com','suspended','regular'),
('Paul','Davis','hashed_pass_158','paul.davis158@mail.com','pending','regular'),
('James','Rodriguez','hashed_pass_159','james.rodriguez159@mail.com','inactive','regular'),
('Nora','Anderson','hashed_pass_160','nora.anderson160@mail.com','banned','regular'),
('Sarah','Jackson','hashed_pass_161','sarah.jackson161@mail.com','archived','regular'),
('Thomas','Gonzalez','hashed_pass_162','thomas.gonzalez162@mail.com','disabled','regular'),
('Thomas','Garcia','hashed_pass_163','thomas.garcia163@mail.com','banned','regular'),
('Daniel','Taylor','hashed_pass_164','daniel.taylor164@mail.com','banned','regular'),
('Ava','Gonzalez','hashed_pass_165','ava.gonzalez165@mail.com','pending','regular'),
('Mark','Thomas','hashed_pass_166','mark.thomas166@mail.com','banned','regular'),
('Andrew','Wilson','hashed_pass_167','andrew.wilson167@mail.com','pending','regular'),
('Chloe','White','hashed_pass_168','chloe.white168@mail.com','locked','regular'),
('Michael','Thomas','hashed_pass_169','michael.thomas169@mail.com','pending','regular'),
('Thomas','Hernandez','hashed_pass_170','thomas.hernandez170@mail.com','pending','regular'),
('Lily','Thomas','hashed_pass_171','lily.thomas171@mail.com','archived','regular'),
('Andrew','Moore','hashed_pass_172','andrew.moore172@mail.com','inactive','regular'),
('Emily','Smith','hashed_pass_173','emily.smith173@mail.com','pending','regular'),
('Kevin','Harris','hashed_pass_174','kevin.harris174@mail.com','disabled','regular'),
('Paul','Lee','hashed_pass_175','paul.lee175@mail.com','disabled','regular'),
('John','Thomas','hashed_pass_176','john.thomas176@mail.com','banned','regular'),
('Daniel','Harris','hashed_pass_177','daniel.harris177@mail.com','banned','regular'),
('Kevin','Hernandez','hashed_pass_178','kevin.hernandez178@mail.com','archived','regular'),
('Paul','Harris','hashed_pass_179','paul.harris179@mail.com','suspended','regular'),
('Robert','Garcia','hashed_pass_180','robert.garcia180@mail.com','suspended','regular'),
('Chris','Davis','hashed_pass_181','chris.davis181@mail.com','deleted','regular'),
('Lily','Wilson','hashed_pass_182','lily.wilson182@mail.com','verified','regular'),
('James','Thompson','hashed_pass_183','james.thompson183@mail.com','locked','regular'),
('Thomas','Miller','hashed_pass_184','thomas.miller184@mail.com','locked','regular'),
('Brian','Sanchez','hashed_pass_185','brian.sanchez185@mail.com','deleted','regular'),
('Michael','Martin','hashed_pass_186','michael.martin186@mail.com','disabled','regular'),
('Kevin','Sanchez','hashed_pass_187','kevin.sanchez187@mail.com','suspended','regular'),
('Leah','Thomas','hashed_pass_188','leah.thomas188@mail.com','verified','regular'),
('Emily','Jackson','hashed_pass_189','emily.jackson189@mail.com','suspended','regular'),
('Paul','Sanchez','hashed_pass_190','paul.sanchez190@mail.com','archived','regular'),
('Ella','Thomas','hashed_pass_191','ella.thomas191@mail.com','verified','regular'),
('James','Perez','hashed_pass_192','james.perez192@mail.com','pending','regular'),
('Chloe','Williams','hashed_pass_193','chloe.williams193@mail.com','deleted','regular'),
('Emily','White','hashed_pass_194','emily.white194@mail.com','suspended','regular'),
('Daniel','Thompson','hashed_pass_195','daniel.thompson195@mail.com','banned','regular'),
('John','Wilson','hashed_pass_196','john.wilson196@mail.com','pending','regular'),
('Lily','Martinez','hashed_pass_197','lily.martinez197@mail.com','suspended','regular'),
('Chris','Taylor','hashed_pass_198','chris.taylor198@mail.com','disabled','regular'),
('Chris','Perez','hashed_pass_199','chris.perez199@mail.com','disabled','regular');


-- Insert Members
INSERT INTO Member (firstName, lastName) VALUES
('Alice', 'Johnson'),
('Charlie', 'Williams'),
('Diana', 'Brown'),
('Ethan', 'Jones'),
('Fiona', 'Garcia'),
('George', 'Miller'),
('Hannah', 'Davis'),
('Isaac', 'Rodriguez'),
('Jasmine', 'Martinez'),
('Kevin', 'Hernandez'),
('Laura', 'Lopez'),
('Mark', 'Gonzales'),
('Nancy', 'Wilson'),
('Oscar', 'Anderson'),
('Pamela', 'Thomas'),
('Quentin', 'Taylor'),
('Rachel', 'Moore'),
('Steve', 'Jackson'),
('Tina', 'Martin'),
('Victor', 'Lee'),
('Wendy', 'Perez'),
('Xavier', 'Thompson'),
('Yara', 'White'),
('Zack', 'Harris'),
('Amy', 'Sanchez'),
('Ben', 'Clark'),
('Chloe', 'Ramirez'),
('David', 'Lewis'),
('Emily', 'Robinson'),
('Frank', 'Walker'),
('Grace', 'Young'),
('Henry', 'Allen'),
('Iris', 'King'),
('Jack', 'Wright'),
('Kelly', 'Scott'),
('Leo', 'Torres'),
('Molly', 'Nguyen'),
('Nathan', 'Hill'),
('Olive', 'Flores'),
('Paul', 'Green'),
('Quinn', 'Baker'),
('Rose', 'Nelson'),
('Sam', 'Adams'),
('Tara', 'Rivera'),
('Uriel', 'Campbell'),
('Vera', 'Mitchell'),
('Will', 'Roberts'),
('Zara', 'Carter'),
('Adam', 'Phillips'),
('Juan', 'Cruz');


-- Insert Projects (all in draft)
INSERT INTO Project (name, goalDescription, status, userId) VALUES
('AI Chatbot', 'Build a conversational AI chatbot to help users answer common questions.', 'draft', 57),
('Real Estate Website', 'Develop a platform for listing and searching residential properties.', 'submitted', 12),
('AR Glass Landing Page', 'Create a modern landing page to promote the new AR smart glasses product.', 'draft', 88),
('Inventory Management System', 'Design a system to track and manage warehouse inventory.', 'submitted', 143),
('Fitness Tracker App', 'Create a mobile app that monitors daily workouts and calories burned.', 'draft', 35),
('Online Learning Portal', 'Develop a web portal for hosting online courses and student progress tracking.', 'submitted', 101),
('Restaurant Reservation System', 'Build a system that allows users to book tables online.', 'draft', 67),
('E-Commerce Backend API', 'Implement a scalable backend API for an online shopping platform.', 'submitted', 159),
('Crypto Price Monitor', 'Create a dashboard that tracks real-time cryptocurrency prices.', 'draft', 26),
('Task Planner App', 'Develop a productivity app for scheduling tasks and reminders.', 'submitted', 194),
('Event Ticketing System', 'Create a booking system for concerts and live events.', 'draft', 42),
('Smart Home Dashboard', 'Build a central dashboard to manage IoT smart home devices.', 'submitted', 128),
('Online Voting Platform', 'Develop a secure online voting system for internal organization elections.', 'draft', 175),
('Travel Recommendation Engine', 'Implement an AI-powered travel recommendation algorithm.', 'submitted', 6),
('Job Board Website', 'Create a platform where employers can post jobs and applicants can apply.', 'draft', 56),
('Budget Tracking App', 'Develop an app to track personal spending and savings goals.', 'submitted', 187),
('Chat Support Widget', 'Build a lightweight chat widget for website customer support.', 'draft', 92),
('Fleet Management System', 'Design a system to track delivery vehicles and optimize routes.', 'submitted', 141),
('Property Rental App', 'Create an app to list rental units and schedule property viewings.', 'draft', 38),
('HR Onboarding Portal', 'Build a portal that streamlines employee onboarding and documentation.', 'submitted', 199),
('Smart Parking System', 'Develop an IoT-based parking occupancy detection system.', 'draft', 73),
('Online Donation Platform', 'Create a platform for nonprofits to accept donations digitally.', 'submitted', 162),
('VR Museum Tour', 'Build an immersive virtual reality tour for museum exhibits.', 'draft', 49),
('Marketing Analytics Dashboard', 'Design a dashboard to analyze social media and campaign performance.', 'submitted', 118),
('Customer Feedback Collector', 'Create a system to gather and analyze customer product reviews.', 'draft', 9),
('Online Exam System', 'Develop a secure online examination platform with timed assessments.', 'submitted', 137),
('Recipe Recommendation App', 'Build an AI app recommending meals based on available ingredients.', 'draft', 84),
('Warehouse Automation Tool', 'Implement monitoring for warehouse robots and process flow.', 'submitted', 52),
('Booking & Scheduling App', 'Create a scheduling system for service-based businesses.', 'draft', 111),
('Finance Portfolio Tracker', 'Build a tool that manages personal investment portfolios.', 'submitted', 44),
('Digital ID Verification', 'Implement electronic identity verification for user authentication.', 'draft', 173),
('Carpool Matching App', 'Create an app that matches commuters sharing common routes.', 'submitted', 20),
('Knowledge Base Portal', 'Develop an internal self-service documentation system.', 'draft', 64),
('Email Campaign Tool', 'Build an automation tool for sending personalized email campaigns.', 'submitted', 151),
('Company Intranet', 'Create a private corporate intranet for employee communication.', 'draft', 31),
('Pet Care Appointment System', 'Develop a booking system for veterinary clinics and pet grooming.', 'submitted', 176),
('Crowdfunding Platform', 'Build a platform where creators can raise funds for projects.', 'draft', 98),
('Document Approval Workflow', 'Implement a workflow system for document routing and approvals.', 'submitted', 129),
('Online Fitness Coaching', 'Create a platform connecting fitness coaches with clients.', 'draft', 13),
('Parking Slot Locator App', 'Build an app showing available parking spaces in real time.', 'submitted', 183),
('Digital Classroom App', 'Develop a virtual classroom with messaging and assignments.', 'draft', 76),
('Crypto Wallet UI', 'Design a clean user interface for a cryptocurrency wallet.', 'submitted', 147),
('Support Ticketing System', 'Create a helpdesk system for managing customer support tickets.', 'draft', 54),
('Hotel Management System', 'Develop a system for room bookings, housekeeping, and billing.', 'submitted', 191),
('Music Playlist Generator', 'Build an AI tool that creates playlists based on mood.', 'draft', 101),
('Smart Farming Monitor', 'Develop IoT sensors and dashboards to monitor soil and crops.', 'submitted', 124),
('Cloud Backup Utility', 'Create a backup tool that syncs files securely to the cloud.', 'draft', 47),
('Sales CRM Dashboard', 'Build a CRM dashboard for tracking leads and sales performance.', 'submitted', 166),
('Subscription Billing System', 'Implement a billing engine with recurring payments.', 'draft', 29),
('Online Tutoring Marketplace', 'Create a platform that connects students with tutors.', 'submitted', 134),
('AI Resume Analyzer', 'Develop an AI tool to rate and analyze job seekers resumes.', 'draft', 8),
('Team Collaboration App', 'Build a messaging and project collaboration app for teams.', 'submitted', 145),
('Health Monitoring Wearable', 'Design dashboards for wearable health device data.', 'draft', 94),
('Sports Analytics Dashboard', 'Create analytics for team and player performance metrics.', 'submitted', 180),
('News Aggregator App', 'Build an app that curates real-time news from trusted sources.', 'draft', 17),
('Smart Alarm System', 'Develop a mobile-controlled alarm system for home security.', 'submitted', 155),
('Online Portfolio Builder', 'Create a tool for freelancers to build digital portfolios.', 'draft', 61),
('Book Exchange Platform', 'Build a platform allowing users to trade used books.', 'submitted', 133),
('Employee Shift Scheduler', 'Develop a scheduling tool for employee shift management.', 'draft', 23),
('AI Fraud Detector', 'Create an ML model to detect fraudulent transactions.', 'submitted', 197),
('Food Delivery Website', 'Build a platform for ordering food from local restaurants.', 'draft', 78),
('Personal Finance Coach', 'Develop a tool for guiding users toward financial goals.', 'submitted', 163),
('Online Mentorship Platform', 'Create a community for mentors and mentees to connect.', 'draft', 11),
('Gaming Leaderboard System', 'Design a real-time leaderboard for multiplayer games.', 'submitted', 189),
('Smart Lighting Controller', 'Develop an app to manage and schedule home lighting.', 'draft', 45),
('Project Time Tracker', 'Build a time tracking tool for freelancers and teams.', 'submitted', 120),
('Mental Wellness App', 'Create an app promoting mental health exercises and journaling.', 'draft', 82),
('Remote Access Tool', 'Develop software for secure remote access and control.', 'submitted', 172),
('Community Forum Website', 'Build a discussion platform for online communities.', 'draft', 36),
('AI Language Tutor', 'Develop a language-learning app using generative AI.', 'submitted', 140),
('Expense Reimbursement System', 'Create a system for employees to submit and track expenses.', 'draft', 5),
('Online Marketplace', 'Develop a multi-vendor marketplace for buying and selling.', 'submitted', 175),
('Car Rental App', 'Build an app for renting cars and managing reservations.', 'draft', 69),
('IoT Air Quality Monitor', 'Implement sensors and dashboard for air quality tracking.', 'submitted', 116),
('Photo Editing Tool', 'Create a web-based tool for basic and advanced photo editing.', 'draft', 25),
('Project Analytics Engine', 'Build advanced reporting for project metrics and KPIs.', 'submitted', 153),
('SaaS Billing Dashboard', 'Develop dashboards for SaaS subscription and churn metrics.', 'draft', 59),
('Language Translation API', 'Create an API for machine language translation.', 'submitted', 193),
('Customer Loyalty App', 'Build an app that rewards customer engagement.', 'draft', 40),
('Community Event Finder', 'Develop a platform showing local activities and events.', 'submitted', 107),
('Home Budget Planner', 'Create a tool for managing household budgets.', 'draft', 31),
('Electric Vehicle Charging Map', 'Build a map showing nearby EV charging stations.', 'submitted', 170),
('Personal Knowledge Base', 'Create a private wiki for personal notes and ideas.', 'draft', 66),
('Delivery Tracking System', 'Implement package tracking with live status updates.', 'submitted', 144),
('Volunteer Management App', 'Develop a platform to coordinate volunteers and events.', 'draft', 21),
('Digital Storefront Builder', 'Build a drag-and-drop storefront creator for small businesses.', 'submitted', 158),
('Mood Journal App', 'Create a diary app for tracking mood and stress levels.', 'draft', 87),
('Remote Hiring Portal', 'Develop a hiring system with video interview integration.', 'submitted', 130),
('Carbon Footprint Tracker', 'Build a tool to help users reduce carbon emissions.', 'draft', 74),
('Online Gaming Store', 'Develop a platform to buy and redeem digital game codes.', 'submitted', 185),
('Smart Thermostat App', 'Build an app for controlling smart thermostats.', 'draft', 14),
('Team OKR Management Tool', 'Create a system for tracking objectives and key results.', 'submitted', 126),
('Password Manager', 'Develop a secure password storage and autofill tool.', 'draft', 53);

-- Insert Budgets
INSERT INTO Budget (id, projectId, floor, ceiling) VALUES
(1, 1, 15000.00, 25000.00),
(2, 2, 85000.00, 110000.00),
(3, 3, 5000.00, 10500.00),
(4, 4, 32000.00, 48000.00),
(5, 5, 12000.00, 17500.00),
(6, 6, 75000.00, 95000.00),
(7, 7, 28000.00, 36000.00),
(8, 8, 4500.00, 9000.00),
(9, 9, 10500.00, 18000.00),
(10, 10, 55000.00, 80000.00),
(11, 11, 20000.00, 31000.00),
(12, 12, 62000.00, 75000.00),
(13, 13, 9000.00, 14000.00),
(14, 14, 40000.00, 60000.00),
(15, 15, 18000.00, 24000.00),
(16, 16, 50000.00, 72000.00),
(17, 17, 7500.00, 13000.00),
(18, 18, 30000.00, 41000.00),
(19, 19, 11000.00, 15500.00),
(20, 20, 80000.00, 105000.00),
(21, 21, 25000.00, 35000.00),
(22, 22, 150000.00, 190000.00),
(23, 23, 16000.00, 20000.00),
(24, 24, 45000.00, 65000.00),
(25, 25, 5500.00, 9500.00),
(26, 26, 13000.00, 21000.00),
(27, 27, 70000.00, 92000.00),
(28, 28, 22000.00, 34000.00),
(29, 29, 38000.00, 55000.00),
(30, 30, 10000.00, 14500.00),
(31, 31, 65000.00, 85000.00),
(32, 32, 14000.00, 20500.00),
(33, 33, 42000.00, 58000.00),
(34, 34, 6000.00, 11500.00),
(35, 35, 95000.00, 120000.00),
(36, 36, 23000.00, 30000.00),
(37, 37, 78000.00, 98000.00),
(38, 38, 17000.00, 23000.00),
(39, 39, 52000.00, 74000.00),
(40, 40, 8000.00, 13500.00),
(41, 41, 35000.00, 51000.00),
(42, 42, 19000.00, 27000.00),
(43, 43, 68000.00, 90000.00),
(44, 44, 26000.00, 40000.00),
(45, 45, 90000.00, 115000.00),
(46, 46, 120000.00, 150000.00),
(47, 47, 7000.00, 12500.00),
(48, 48, 48000.00, 68000.00),
(49, 49, 16000.00, 26000.00),
(50, 50, 55000.00, 75000.00);

-- Insert Timeframes
INSERT INTO Timeframe (projectId, startTime, endTime)
VALUES
(1, '2025-01-01 00:00:00', '2025-06-01 00:00:00'),
(2, '2025-03-15 00:00:00', '2025-07-30 00:00:00'),
(3, '2025-02-01 00:00:00', '2025-06-15 00:00:00'),
(4, '2025-04-10 00:00:00', '2025-09-01 00:00:00'),
(5, '2025-05-05 00:00:00', '2025-10-10 00:00:00'),
(6, '2025-01-20 00:00:00', '2025-05-25 00:00:00'),
(7, '2025-03-01 00:00:00', '2025-08-05 00:00:00'),
(8, '2025-06-01 00:00:00', '2025-11:01 00:00:00'),
(9, '2025-02-15 00:00:00', '2025-07-20 00:00:00'),
(10, '2025-04-01 00:00:00', '2025-09-10 00:00:00'),
(11, '2025-07-01 00:00:00', '2025-12-15 00:00:00'),
(12, '2025-03-25 00:00:00', '2025-08-30 00:00:00'),
(13, '2025-01-10 00:00:00', '2025-05-10 00:00:00'),
(14, '2025-05-15 00:00:00', '2025-10-30 00:00:00'),
(15, '2025-06-10 00:00:00', '2025-12-01 00:00:00'),
(16, '2025-02-20 00:00:00', '2025-07-25 00:00:00'),
(17, '2025-04-20 00:00:00', '2025-09-25 00:00:00'),
(18, '2025-03-05 00:00:00', '2025-08-10 00:00:00'),
(19, '2025-01-25 00:00:00', '2025-06-05 00:00:00'),
(20, '2025-05-01 00:00:00', '2025-10-05 00:00:00'),
(21, '2025-06-15 00:00:00', '2025-11-20 00:00:00'),
(22, '2025-02-10 00:00:00', '2025-06-20 00:00:00'),
(23, '2025-04-05 00:00:00', '2025-08-25 00:00:00'),
(24, '2025-07-05 00:00:00', '2025-12-10 00:00:00'),
(25, '2025-03-10 00:00:00', '2025-07-25 00:00:00'),
(26, '2025-01-30 00:00:00', '2025-06-30 00:00:00'),
(27, '2025-05-20 00:00:00', '2025-11-01 00:00:00'),
(28, '2025-02-28 00:00:00', '2025-07-30 00:00:00'),
(29, '2025-04-15 00:00:00', '2025-09-20 00:00:00'),
(30, '2025-06-20 00:00:00', '2025-12-30 00:00:00');

-- Insert Teams
INSERT INTO Team (projectId, name) VALUES
(35, 'Mustang Team'),
(12, 'Alpha Squad'),
(44, 'QA Crusaders'),
(2, 'The Architects'),
(17, 'Phoenix Rising'),
(5, 'Data Dynamics'),
(21, 'The Navigators'),
(48, 'Delta Force'),
(39, 'The Dreamers'),
(8, 'Backend Bandits'),
(46, 'Fusion Developers'),
(15, 'Innovation Hub'),
(23, 'Go-To-Market Group'),
(30, 'UX Mavericks'),
(7, 'Project Zenith'),
(42, 'The Executors'),
(18, 'Frontend Flyers'),
(25, 'The Disruptors'),
(4, 'Code Ninjas'),
(29, 'Strategic Steering'),
(10, 'Swift Solutions'),
(38, 'Velocity Crew'),
(1, 'Hydra Core'),
(49, 'Development Dragoons'),
(27, 'Cloud Command'),
(47, 'Epsilon Engineers'),
(41, 'Project Nexus'),
(31, 'The Optimizers'),
(9, 'Mission Control'),
(20, 'The Sages'),
(3, 'Iteration Kings'),
(28, 'Blue Sky Thinking'),
(40, 'Tiger Team'),
(13, 'Security Sentinels'),
(11, 'Quantum Leap'),
(16, 'Infinity Line'),
(24, 'The Pathfinder'),
(50, 'Octane Squad'),
(32, 'R&D Pioneers'),
(36, 'Apollo Unit'),
(14, 'Blaze Team'),
(45, 'Guardian Ops'),
(6, 'Feature Factory'),
(33, 'Core Platform'),
(19, 'The Integrators'),
(26, 'Agile Aces'),
(43, 'The Fixers'),
(34, 'High-Impact Unit'),
(22, 'The Trailblazers'),
(37, 'Everest Group');

-- Insert Team Members
INSERT INTO TeamMember (teamId, memberId) VALUES
(1, 1),(2, 2),(3, 3),(4, 4),(5, 5),(6, 6),(7, 7),(8, 8),(9, 9),(10, 10),
(11, 11),(12, 12),(13, 13),(14, 14),(15, 15),(16, 16),(17, 17),(18, 18),(19, 19),(20, 20),
(21, 21),(22, 22),(23, 23),(24, 24),(25, 25),(26, 26),(27, 27),(28, 28),(29, 29),(30, 30),
(31, 31),(32, 32),(33, 33),(34, 34),(35, 35),(36, 36),(37, 37),(38, 38),(39, 39),(40, 40),
(41, 41),(42, 42),(43, 43),(44, 44),(45, 45),(46, 46),(47, 47),(48, 48),(49, 49),(50, 50);

-- Insert Skillsets
INSERT INTO Skillset (memberId, skill, category, description, level) VALUES
(4, 'Node.js', 'Backend', 'Develops scalable backend services using Node.js.', 'Advanced'),
(5, 'SQL Optimization', 'Database', 'Skilled in writing efficient SQL queries and tuning performance.', 'Proficient'),
(6, 'Docker', 'DevOps', 'Experienced in containerizing applications using Docker.', 'Intermediate'),
(7, 'AWS Cloud Architecture', 'Cloud', 'Designs resilient cloud systems using AWS services.', 'Advanced'),
(8, 'Data Analysis', 'Analytics', 'Performs in-depth data exploration using Python and spreadsheets.', 'Proficient'),
(9, 'Kotlin', 'Mobile Development', 'Builds reliable Android apps with Kotlin.', 'Intermediate'),
(10, 'Agile Project Management', 'Management', 'Coordinates agile workflows and sprints effectively.', 'Expert'),
(11, 'Machine Learning', 'AI/ML', 'Implements ML models for forecasting and classification tasks.', 'Advanced'),
(12, 'Cybersecurity Fundamentals', 'Security', 'Applies secure coding practices and risk mitigation strategies.', 'Beginner'),
(13, 'C# .NET', 'Programming', 'Creates robust enterprise apps using C# and .NET frameworks.', 'Proficient'),
(14, 'GraphQL', 'API Development', 'Designs efficient schemas and queries using GraphQL.', 'Intermediate'),
(15, 'Vue.js', 'Frontend', 'Develops dynamic UI components using Vue.js.', 'Advanced'),
(16, 'Terraform', 'Infrastructure as Code', 'Automates cloud infrastructure provisioning with Terraform.', 'Proficient'),
(17, 'Business Analysis', 'Business', 'Analyzes requirements and translates them into technical specifications.', 'Expert'),
(18, 'Rust Programming', 'Programming', 'Writes high-performance applications using Rust.', 'Intermediate'),
(19, 'CI/CD Pipelines', 'DevOps', 'Builds automated deployments using GitHub Actions and Jenkins.', 'Advanced'),
(20, 'Adobe Illustrator', 'Design', 'Creates vector graphics and design assets for digital products.', 'Proficient'),
(21, 'Unity Game Development', 'Game Dev', 'Builds interactive game mechanics using Unity and C#.', 'Beginner'),
(22, 'MongoDB', 'Database', 'Designs NoSQL schemas and handles scalable data operations.', 'Proficient'),
(23, 'Penetration Testing', 'Security', 'Conducts ethical hacking tests to identify system vulnerabilities.', 'Advanced'),
(24, 'TypeScript', 'Programming', 'Develops large-scale apps with strong typing using TypeScript.', 'Expert'),
(25, 'Project Coordination', 'Management', 'Supports cross-team communication and resource planning.', 'Intermediate'),
(26, 'Flutter', 'Mobile Development', 'Creates responsive mobile apps with Flutter and Dart.', 'Proficient'),
(27, 'Power BI', 'Analytics', 'Builds visual dashboards and reports in Power BI.', 'Advanced'),
(28, 'Redis', 'Caching', 'Implements caching strategies using Redis for performance boosts.', 'Intermediate'),
(29, 'Go (Golang)', 'Programming', 'Develops efficient microservices using Go.', 'Advanced'),
(30, 'Scrum Facilitation', 'Management', 'Leads Scrum ceremonies and supports agile adoption.', 'Expert'),
(31, 'HTML & CSS', 'Frontend', 'Builds accessible web interfaces using modern HTML and CSS standards.', 'Proficient'),
(32, 'Kubernetes', 'DevOps', 'Manages container orchestration using Kubernetes clusters.', 'Advanced'),
(33, 'Data Engineering', 'Data', 'Builds pipelines for ETL and large-scale data processing.', 'Expert'),
(34, 'Selenium Automation', 'QA', 'Creates robust automated UI tests with Selenium.', 'Intermediate'),
(35, 'IT Support', 'Support', 'Provides technical troubleshooting and end-user assistance.', 'Beginner'),
(36, 'Swift', 'Mobile Development', 'Develops iOS applications using Swift and Xcode.', 'Proficient'),
(37, 'Product Strategy', 'Business', 'Defines product roadmaps and prioritizes features based on impact.', 'Advanced'),
(38, 'Blockchain Development', 'Blockchain', 'Builds smart contracts and decentralized apps.', 'Intermediate'),
(39, 'Network Administration', 'IT Infrastructure', 'Manages routers, switches, and enterprise network setups.', 'Proficient'),
(40, 'JIRA Administration', 'Management', 'Sets up workflows, dashboards, and boards in JIRA.', 'Advanced'),
(41, '3D Modeling', 'Design', 'Creates 3D assets using Blender and other modeling tools.', 'Beginner'),
(42, 'PHP Laravel', 'Backend', 'Builds RESTful backends using Laravel and modern PHP.', 'Proficient'),
(43, 'Testing & QA', 'Quality Assurance', 'Executes detailed test plans to ensure product stability.', 'Advanced'),
(44, 'SAP ERP', 'Enterprise Software', 'Works with SAP modules for business process optimization.', 'Intermediate'),
(45, 'Digital Marketing', 'Marketing', 'Runs SEO, PPC, and social media optimization campaigns.', 'Advanced'),
(46, 'Big Data Processing', 'Data', 'Uses Hadoop and Spark to process large-scale datasets.', 'Expert'),
(47, 'Robotics Programming', 'Robotics', 'Programs robotic systems using ROS and sensor integration.', 'Intermediate'),
(48, 'Copywriting', 'Content', 'Writes engaging marketing and product content.', 'Proficient'),
(49, 'Systems Design', 'Architecture', 'Designs scalable software system architectures.', 'Expert'),
(50, 'TensorFlow', 'AI/ML', 'Builds deep learning models using TensorFlow and Keras.', 'Advanced');